"Name","URL","Est. DA","Type","Category","Approval","Best For","How to Get Your Link","Pro Tip","Priority Score"
"LinkedIn Pulse","https://linkedin.com","98","Article","Guest Posts & Editorial","Instant","B2B tech","Publish articles on LinkedIn. Include 2-3 links to your content or tools","DA 98. Articles show in Google search. Share to your network for amplification","99"
"SlideShare","https://slideshare.net","95","Content","Guest Posts & Editorial","Instant","B2B, Education","Upload presentations with links in slides and description. Each one indexed separately","DA 95. Presentations rank for long-tail queries","97"
"Issuu","https://issuu.com","93","Content","Guest Posts & Editorial","Instant","Publishing","Upload PDFs, brochures, catalogs. Add clickable links within publications","DA 93. Ideal for digital magazines, reports, whitepapers","96"
"Notion (Public Pages)","https://notion.so","91","Content","Guest Posts & Editorial","Instant","All niches","Create public Notion pages or databases with your resources. Share knowledge bases","DA 91. Public Notion pages indexed by Google","95"
"Flipboard","https://flipboard.com","90","Content","Guest Posts & Editorial","Instant","All niches","Create magazines around niche topics. Curate content including your own articles","DA 90. Create niche magazines that aggregate your content","94"
"Evernote (public notes)","https://evernote.com","90","Content","Guest Posts & Editorial","Instant","All niches","Share public notes with links. Each note is a separate indexed page","DA 90. Public notes indexed. Good for resource collections","94"
"Instructables","https://instructables.com","88","Content","Guest Posts & Editorial","Instant","DIY, Maker","Create account, publish tutorials with links to your tools or resources","Autodesk-owned. Each instructable indexed with high engagement","93"
"Trello (Public Boards)","https://trello.com","89","Content","Guest Posts & Editorial","Instant","All niches","Create public boards with resource links. Share curated resource boards","Atlassian-owned DA 89. Public boards are indexed","93"
"Telegraph","https://telegra.ph","88","Content","Guest Posts & Editorial","Instant","All niches","Publish instant articles, no signup needed. Add links in body text","Telegram-owned. Zero friction. Articles indexed within hours","93"
"Speakerdeck","https://speakerdeck.com","78","Content","Guest Posts & Editorial","Instant","B2B","Upload presentation decks. Each deck is indexed separately with profile link","GitHub-owned. Presentation pages indexed. Good for B2B content","87"
"Vocal Media","https://vocal.media","78","Content","Guest Posts & Editorial","Instant","All niches","Create account, publish stories in niche categories. Add links naturally","Growing platform. No editorial gate for basic publishing","87"
"Lulu (free publishing)","https://lulu.com","76","Publishing","Guest Posts & Editorial","Instant","All niches","Self-publish free books. Author page with website link","Self-publishing platform. Author profile indexed","86"
"Penzu","https://penzu.com","72","Content","Guest Posts & Editorial","Instant","All niches","Create public journal entries with links. Experience-based content","Niche platform but indexed. Good for E-E-A-T experience content","83"
"Smashwords","https://smashwords.com","72","Publishing","Guest Posts & Editorial","Instant","All niches","Publish ebooks for free. Author page with bio and website link","Ebook publishing. Author and book pages indexed","83"
"DZone","https://dzone.com","78","Article","Guest Posts & Editorial","24-48h","Enterprise dev","Submit articles on Java, Cloud, DevOps, AI. Bio link plus 1-2 contextual links","MVB program gives regular publishing access. Enterprise audience","82"
"Amazon KDP (free ebooks)","https://kdp.amazon.com","96","Publishing","Guest Posts & Editorial","Moderate","All niches","Publish free Kindle ebooks with links in content. Author page with website","DA 96. Publish niche guide as free ebook. Author page indexed","79"
"Shopify Blog","https://shopify.com/blog","89","Guest post","Guest Posts & Editorial","7-14 days","E-commerce","Pitch e-commerce growth, Shopify tips, DTC brand stories","DA 89. Shopify blog reaches millions of merchants","78"
"Newsbreak","https://newsbreak.com","68","Article","Guest Posts & Editorial","24-48h","All niches","Apply as contributor. Publish articles that reach local readers","Local news platform. 50M+ users. Articles reach community readers","76"
"HubPages","https://hubpages.com","90","Content","Guest Posts & Editorial","Moderate","All niches","Create account, publish 1000+ word articles. Links after quality review","DA 90 dofollow. Editorial quality review = higher link value","75"
"Digg","https://digg.com","88","Content","Guest Posts & Editorial","Submit","News, Tech","Submit stories for consideration. Curated by editors. Quality content featured","DA 88. Getting featured drives massive traffic","74"
"BigCommerce Blog","https://bigcommerce.com/blog","77","Guest post","Guest Posts & Editorial","7-14 days","E-commerce","Pitch e-commerce strategy, conversion, platform comparison articles","DA 77. Enterprise e-commerce audience","71"
"EzineArticles","https://ezinearticles.com","78","Article","Guest Posts & Editorial","Moderate","All niches","Submit original articles. Manual review. Author bio with links","Legacy article directory. Still indexed and carries authority","68"
"Klaviyo Blog","https://klaviyo.com/blog","60","Guest post","Guest Posts & Editorial","3-7 days","Email marketing","Pitch e-commerce email and SMS marketing articles","Leading e-commerce email platform. IPO'd company","65"
"Practical Ecommerce","https://practicalecommerce.com","58","Guest post","Guest Posts & Editorial","3-7 days","E-commerce","Submit practical e-commerce how-to articles and case studies","Focused e-commerce publication. Merchant audience","64"
"Ecommerce Platforms","https://ecommerce-platforms.com","55","Guest post","Guest Posts & Editorial","3-7 days","Platform reviews","Submit e-commerce platform comparisons and reviews","E-commerce platform comparison site","62"
"Jungle Scout Blog","https://junglescout.com/blog","55","Guest post","Guest Posts & Editorial","3-7 days","Amazon selling","Submit Amazon FBA strategy, product research articles","Leading Amazon seller tool. FBA community","62"
"RetailDive","https://retaildive.com","62","Guest post","Guest Posts & Editorial","7-14 days","Retail industry","Pitch retail industry trends, technology, strategy articles","Industry Dive publication. Retail executive audience","62"
"Digital Commerce 360","https://digitalcommerce360.com","62","Guest post","Guest Posts & Editorial","7-14 days","E-commerce data","Pitch e-commerce research, trends, benchmarking articles","Formerly Internet Retailer. Data-driven e-commerce","62"
"SelfGrowth","https://selfgrowth.com","68","Article","Guest Posts & Editorial","Moderate","Personal dev","Submit self-improvement and business articles. Website link in bio","Personal development focused. Moderate approval process","62"
"Tealfeed","https://tealfeed.com","35","Article","Guest Posts & Editorial","Instant","All niches","Publish articles on growing content platform. Links in author bio","Growing publishing platform. Good for beginners starting to write","61"
"eCommerceBytes","https://ecommercebytes.com","52","Guest post","Guest Posts & Editorial","3-5 days","Online selling","Submit marketplace news, strategy, platform updates","Long-running e-commerce news site","60"
"A Better Lemonade Stand","https://abetterlemonadestand.com","48","Guest post","Guest Posts & Editorial","3-7 days","E-commerce startup","Pitch e-commerce startup guides and tools reviews","Growing e-commerce education platform","58"
"Omnisend Blog","https://omnisend.com/blog","48","Guest post","Guest Posts & Editorial","3-5 days","E-commerce email","Submit email and SMS marketing for e-commerce articles","Growing e-commerce marketing platform","58"
"Helium 10 Blog","https://helium10.com/blog","48","Guest post","Guest Posts & Editorial","3-7 days","Amazon selling","Pitch Amazon optimization, PPC, listing strategy articles","Amazon seller tool blog. Active seller audience","58"
"Web Retailer","https://webretailer.com","48","Guest post","Guest Posts & Editorial","3-5 days","Amazon, eBay","Submit marketplace selling strategy and tool comparison articles","Multi-marketplace seller publication","58"
"Retail TouchPoints","https://retailtouchpoints.com","55","Guest post","Guest Posts & Editorial","7-14 days","Retail tech","Submit retail technology, omnichannel, CX articles","Retail technology publication","58"
"Modern Retail","https://modernretail.co","52","Guest post","Guest Posts & Editorial","7-14 days","Retail, DTC","Pitch DTC brand stories, retail innovation articles","Digiday's retail publication. Industry focused","56"
"Privy Blog","https://privy.com/blog","42","Guest post","Guest Posts & Editorial","3-5 days","E-commerce email","Pitch email marketing for e-commerce, popup strategy articles","Shopify ecosystem. Small merchant focused","54"
"Drip Blog","https://drip.com/blog","42","Guest post","Guest Posts & Editorial","3-5 days","Email automation","Pitch email automation and e-commerce CRM articles","E-commerce CRM platform blog","54"
"Pensmith","https://pensmith.app","22","Article","Guest Posts & Editorial","Instant","All niches","Publish articles and stories on growing creator platform","Newer publishing platform. Early adopter advantage for SEO","53"
"Smile.io Blog","https://smile.io/blog","38","Guest post","Guest Posts & Editorial","3-5 days","Loyalty programs","Write about loyalty program strategy, retention, rewards","E-commerce loyalty platform blog","52"
"ArticlesBase","https://articlesbase.com","52","Article","Guest Posts & Editorial","Moderate","All niches","Submit original articles with bio links. Editorial review","Smaller article directory. Good for link diversity","52"
"Sellbrite Blog","https://sellbrite.com/blog","35","Guest post","Guest Posts & Editorial","3-5 days","Multi-channel selling","Submit articles on multi-channel e-commerce strategy","GoDaddy owned. Multi-channel selling audience","50"
"LoyaltyLion Blog","https://loyaltylion.com/blog","35","Guest post","Guest Posts & Editorial","3-5 days","Retention","Write about customer retention, loyalty, repeat purchases","E-commerce loyalty platform. Retention focused","50"
"GoArticles","https://goarticles.com","48","Article","Guest Posts & Editorial","Moderate","All niches","Submit articles with author bio and website link. Basic review","Simple article directory for link diversity","50"
"SellerApp Blog","https://sellerapp.com/blog","32","Guest post","Guest Posts & Editorial","3-5 days","Amazon analytics","Submit Amazon analytics and data-driven selling articles","Amazon seller analytics platform","48"
"IdeaMarketers","https://ideamarketers.com","42","Article","Guest Posts & Editorial","Easy","All niches","Submit articles in various categories. Bio with website link","Simple article submission. Good for building foundation","46"
"Amazines","https://amazines.com","42","Article","Guest Posts & Editorial","Easy","All niches","Submit articles with resource box containing website link","Article directory with instant publishing option","46"
"ArticleSphere","https://articlesphere.com","40","Article","Guest Posts & Editorial","Easy","All niches","Submit original articles. Quick approval. Bio links included","Smaller directory but easy approval and instant indexing","45"
"Sooper Articles","https://sooperarticles.com","40","Article","Guest Posts & Editorial","Easy","All niches","Submit articles with author bio link. Moderate review time","Simple submission process. Good for beginners","45"
"ArticleAlley","https://articlealley.com","38","Article","Guest Posts & Editorial","Easy","All niches","Submit articles with bio. Quick approval process","Basic article directory for link volume","44"
"A1 Articles","https://a1articles.com","36","Article","Guest Posts & Editorial","Easy","All niches","Submit articles in your niche. Bio link included on approval","Basic article directory. Quick approval","43"
"ArticleBuzz","https://articlebuzz.com","36","Article","Guest Posts & Editorial","Easy","All niches","Submit articles with author bio and links. Quick review","Simple article directory for foundational links","43"
"SubmitAnArticle","https://submitanarticle.com","32","Article","Guest Posts & Editorial","Easy","All niches","Submit articles with bio. Fast approval. Links in author box","Small directory but instant approval available","40"